tratamientos,r.squared,r2_ajustado,rmse,p_valor,indice
Prequema,0.36331955826550616,0.3508356280354181,16.822225770576885,1.7886024999605823e-6,NDVI
