tratamientos,r.squared,r2_ajustado,rmse,p_valor,indice
Prequema,0.3114803800285492,0.2979799953232267,14.216511374396074,1.4112256606532189e-5,NDVI
