tratamientos,r.squared,r2_ajustado,rmse,p_valor,indice
Prequema,0.27071171220369755,0.25641194185475047,15.266362270603796,6.513820033160028e-5,NDVI
