tratamientos,r.squared,r2_ajustado,rmse,p_valor,indice
Prequema,0.3847460201553061,0.37268221662893963,16.584046333573255,7.278792834326796e-7,NDVI
